admin,FeloniusGru,Grus,admin_01,images/gru.jpg,2023-03-17 03:51:09
user,BobTheMinion,Bobs,bob_minion,images/bob.jpg,2023-03-16 20:03:39
officer,Mahannop,Dome,minion_01,images/dome.jpg,2023-03-15 00:46:44
officer,Warissara,Suong,minion_02,images/suong.jpg,2023-03-16 20:03:17
officer,Suneepond,Gift,minion_03,images/gift.jpg,2023-03-16 15:52:19
user,StuartTheMinion,Stuart,stuart_minion,images/stuart.jpg,2022-11-09 01:42:25
user,KevinTheMinion,Kevin,kevin_minion,images/kevin.jpg,2023-03-16 15:43:49
user,DaveTheMinion,Dave,dave_minion,images/dave.jpg,2022-11-10 11:40:17
user,PhilTheMinion,Phil,phil_minion,images/phil.jpg,2022-12-24 21:55:44
user,TimTheMinion,Tims,tim_minion,images/tim.jpg,2023-03-17 00:19:34
user,CarlTheMinion,Carl,carl_minion,images/carl.jpg,2023-02-02 14:34:36
user,JorgeTheMinion,Jorge,jorge_minion,images/jorge.jpg,2022-12-03 09:50:41
user,JerryTheMinion,Jerry,jerry_minion,images/jerry.jpg,2023-01-17 07:38:29
user,LanceTheMinion,Lance,lance_minion,images/lance.jpg,2022-11-01 08:00:10
